{
  "Create User Request" : {
    "transaction" : "Create User Request",
    "sampleCount" : 3,
    "errorCount" : 0,
    "errorPct" : 0.0,
    "meanResTime" : 335.3333333333333,
    "medianResTime" : 122.0,
    "minResTime" : 122.0,
    "maxResTime" : 762.0,
    "pct1ResTime" : 762.0,
    "pct2ResTime" : 762.0,
    "pct3ResTime" : 762.0,
    "throughput" : 2.7726432532347505,
    "receivedKBytesPerSec" : 1.0776484519408502,
    "sentKBytesPerSec" : 1.0586948359519408
  },
  "Total" : {
    "transaction" : "Total",
    "sampleCount" : 3,
    "errorCount" : 0,
    "errorPct" : 0.0,
    "meanResTime" : 335.3333333333333,
    "medianResTime" : 122.0,
    "minResTime" : 122.0,
    "maxResTime" : 762.0,
    "pct1ResTime" : 762.0,
    "pct2ResTime" : 762.0,
    "pct3ResTime" : 762.0,
    "throughput" : 2.7726432532347505,
    "receivedKBytesPerSec" : 1.0776484519408502,
    "sentKBytesPerSec" : 1.0586948359519408
  }
}